pl_orbper,pl_orbsmax,pl_bmasse,pl_eqt,st_teff,st_rad,st_mass,st_lum,pl_rade,pl_insol,temp_score,radius_score,insol_score,habitability_score,habitability_label
6.71837,0.071,47.6745,938.0,5970.0,0.79,1.08,-0.1549,6.38913,132.26,0.0,0.0,0.0,0.0,0
0.87724,0.0177,7.67,2038.0,5679.0,0.98,0.958,-0.04915,1.565,2852.0,0.0,0.43500000000000005,0.0,0.1305,0
6.180235,0.07229,953.49,1401.0,6202.0,1.586,1.317,0.52634,11.780659,642.0,0.0,0.0,0.0,0.0,0
5.746007,0.0385,11.7,456.0,3348.0,0.3073,0.29,-1.97102,2.025,7.2,0.41666666666666663,0.0,0.0,0.16666666666666666,0
5.7459982,0.0418,4.0,440.6,3395.0,0.3026,0.2952,-1.96019,1.9,6.27,0.4701388888888888,0.10000000000000009,0.0,0.21805555555555556,0
1.62892911,0.0157,1.83704819,583.8,3229.0,0.2211,0.1945,-2.32148,1.19151465,19.3,0.0,0.80848535,0.0,0.242545605,0
1.58040433,0.0149,8.17,596.0,3250.0,0.215,0.178,-2.33724,2.742,21.0,0.0,0.0,0.0,0.0,0
1.580404531,0.01505,8.41,567.0,3101.0,0.2162,0.182,-2.40894,2.733,17.2,0.03125,0.0,0.0,0.0125,0
1.1980035,0.01589,1.86,773.0,3347.0,0.364,0.36,-1.82391,1.264,59.4,0.0,0.736,0.0,0.2208,0
3.93072,0.035,1.84,525.0,3505.0,0.337,0.342,-1.79833,1.217,12.6,0.17708333333333337,0.7829999999999999,0.0,0.3057333333333333,0
0.3219225,0.00709,0.633,1365.0,3522.0,0.458,0.455,-1.5391,0.699,579.0,0.0,0.699,0.0,0.20969999999999997,0
2.616235,0.0252,1.75,568.0,3384.0,0.32,0.313,-1.96257,1.09,17.3,0.02777777777777779,0.9099999999999999,0.0,0.2841111111111111,0
2.6162745,0.02569,1.21,568.8,3369.0,0.315,0.309,-1.93742,1.15,17.5,0.025000000000000133,0.8500000000000001,0.0,0.26500000000000007,0
1.467119,0.01734,2.82,701.0,3340.0,0.328,0.323,-1.91721,1.305,40.3,0.0,0.6950000000000001,0.0,0.20850000000000002,0
1.4671205,0.01713,3.0,706.0,3291.0,0.339,0.333,-1.9165,1.343,41.3,0.0,0.657,0.0,0.1971,0
1.46712127,0.01714,2.77,696.3,3317.0,0.3243,0.312,-1.93892,1.289,39.2,0.0,0.7110000000000001,0.0,0.21330000000000002,0
0.9263237,0.01406,1.9,940.0,3600.0,0.4144,0.413,-1.58528,1.331,130.0,0.0,0.669,0.0,0.20070000000000002,0
6.20183,0.053,3.02,675.0,4236.0,0.58,0.62,-1.00436,1.98,34.9,0.0,0.020000000000000018,0.0,0.006000000000000005,0
1.744579,0.0338,6261.2196179,2300.0,7000.0,1.56,1.68,0.72673,16.47720163,4650.0,0.0,0.0,0.0,0.0,0
12.76142,0.067,10.0,315.0,3253.0,0.269,0.241,-2.13077,0.9,1.6,0.90625,0.9,0.3999999999999999,0.7525000000000001,1
12.761408,0.0668,3.87,314.6,3296.0,0.2617,0.2414,-2.13787,0.958,1.62,0.9076388888888888,0.958,0.3799999999999999,0.7644555555555556,1
4.00878322,0.04599,88.03846874,981.2,4962.0,0.773,0.807,-0.48545,11.29865255,154.0,0.0,0.0,0.0,0.0,0
3.65281514,0.0466,180.84527,1182.0,5519.0,0.919,1.012,-0.15181,12.722215,325.0,0.0,0.0,0.0,0.0,0
5.72339,0.0665,243.77561,1271.0,6115.0,1.237,1.199,0.2833,11.926376,433.0,0.0,0.0,0.0,0.0,0
2.1500082,0.03397,216.1244,1835.7,6001.0,1.367,1.132,0.33806,22.19382,1841.0,0.0,0.0,0.0,0.0,0
1.3273466,0.02402,611.82275,1820.2,5560.0,1.108,1.049,0.02243,15.210613,1821.0,0.0,0.0,0.0,0.0,0
4.21802091,0.05042,97.57332095,1168.2,5453.0,0.995,0.961,-0.10237,13.50682174,310.0,0.0,0.0,0.0,0.0,0
3.5852313,0.04628,189.42573057,1367.0,5804.0,1.105,1.028,0.09656,14.84069045,583.0,0.0,0.0,0.0,0.0,0
4.0138379,0.04994,118.2321674,1622.0,6078.0,1.53,1.031,0.45637,14.93036229,1146.0,0.0,0.0,0.0,0.0,0
4.1419771,0.05064,489.45574678,1277.8,5678.0,1.1038,1.008,0.05385,12.58768533,441.4,0.0,0.0,0.0,0.0,0
4.7947813,0.06277,182.43350562,1772.0,6212.0,2.197,1.435,0.80889,18.28184752,1634.0,0.0,0.0,0.0,0.0,0
1.90231289,0.0301,335.9446262,1505.0,5587.0,0.938,1.004,-0.1152,10.07687365,849.5,0.0,0.0,0.0,0.0,0
2.6453235,0.03772,241.86741773,1512.0,5629.0,1.17,1.023,0.09061,12.02723629,867.2,0.0,0.0,0.0,0.0,0
3.377728,0.04294,195.1466419,1237.0,5400.0,0.9661,0.925,-0.1463,12.5428494,387.4,0.0,0.0,0.0,0.0,0
4.007232,0.05387,184.34047606,1766.0,6457.0,1.735,1.298,0.66839,19.08889413,1611.0,0.0,0.0,0.0,0.0,0
2.60544751,0.04042,176.07693748,1818.0,5872.0,1.666,1.297,0.47276,18.05766791,1821.0,0.0,0.0,0.0,0.0,0
2.29840551,0.02996,230.10892,1027.8,4508.0,0.6701,0.6785,-0.77911,12.016048,184.8,0.0,0.0,0.0,0.0,0
3.92281072,0.05287,238.05467,1540.0,6350.0,1.338,1.281,0.4183,15.614137,931.0,0.0,0.0,0.0,0.0,0
16.254611,0.1308,425.25654,814.0,5846.0,1.091,1.131,0.09342,8.709393,72.7,0.0,0.0,0.0,0.0,0
0.8378434,0.01761,629.3034,2060.0,5600.0,1.02,1.037,-0.03152,14.986433,2990.0,0.0,0.0,0.0,0.0,0
4.1752387,0.05425,1022.14128,1356.0,6149.0,1.155,1.222,0.21484,13.843115,561.0,0.0,0.0,0.0,0.0,0
4.3315366,0.04913,31.46517,1085.0,5326.0,0.877,0.843,-0.25571,6.792654,229.7,0.0,0.0,0.0,0.0,0
4.375021,0.05036,23.51942,1294.0,5732.0,1.105,0.89,0.07151,6.882326,464.7,0.0,0.0,0.0,0.0,0
3.9228038,0.04269,117.27927,852.9,4512.0,0.6564,0.674,-0.79615,12.520453,87.73,0.0,0.0,0.0,0.0,0
3.1316666,0.03769,77.23269,954.6,4546.0,0.7152,0.7279,-0.70885,8.9672,137.6,0.0,0.0,0.0,0.0,0
4.1480467,0.04515,112.19399,834.8,4405.0,0.6977,0.7133,-0.78489,8.574885,80.45,0.0,0.0,0.0,0.0,0
5.416081,0.06112,256.17098,1128.0,5670.0,1.036,1.038,-0.00436,12.621334,269.0,0.0,0.0,0.0,0.0,0
3.560829,0.04708,210.40346,1528.0,5688.0,1.46,1.097,0.30016,12.923977,903.9,0.0,0.0,0.0,0.0,0
7.817953,0.07908,1080.622,1226.1,5542.0,1.664,1.076,0.36922,13.394755,374.2,0.0,0.0,0.0,0.0,0
3.2768837,0.04163,56.89157,1237.0,5416.0,0.933,0.896,-0.17328,11.825495,387.4,0.0,0.0,0.0,0.0,0
3.0566527,0.04026,305.1168,1398.3,5627.0,1.07,0.931,0.01199,13.529263,634.1,0.0,0.0,0.0,0.0,0
4.908897,0.06562,305.1168,1793.0,6554.0,2.113,1.564,0.86747,18.819911,1711.0,0.0,0.0,0.0,0.0,0
3.105161,0.04497,260.93843,1634.0,6277.0,1.31,1.257,0.37658,16.824709,1178.0,0.0,0.0,0.0,0.0,0
3.1414391,0.04714,1694.0339,1998.0,6626.0,1.841,1.411,0.76716,15.815899,2637.0,0.0,0.0,0.0,0.0,0
1.6091788,0.03032,460.8535,2193.0,6594.0,1.441,1.435,0.54654,18.887165,3821.0,0.0,0.0,0.0,0.0,0
3.5862202,0.05071,410.0007,1741.0,6147.0,1.748,1.351,0.59218,13.809488,1521.0,0.0,0.0,0.0,0.0,0
2.2252577,0.03211,183.38791,1295.7,5137.0,0.8785,0.892,-0.31758,10.592505,466.6,0.0,0.0,0.0,0.0,0
1.8882378,0.03632,4100.007,2730.0,7930.0,1.881,1.78,1.07918,15.513256,9110.0,0.0,0.0,0.0,0.0,0
7.3279474,0.066517,39.855882,739.3,4656.1,0.7214,0.7311,-0.65896,8.0973816,49.58,0.0,0.0,0.0,0.0,0
1.73185606,0.02384,464.02947422,895.1,3776.9,0.5758,0.601,-1.2161,11.56766808,106.9,0.0,0.0,0.0,0.0,0
2.7886556,0.032742,156.05374784,772.3,3790.4,0.5848,0.6017,-1.19661,9.90873894,59.26,0.0,0.0,0.0,0.0,0
1.9416423,0.02658,835.570882,939.8,4016.0,0.6259,0.662,-1.0381,12.09449018,129.8,0.0,0.0,0.0,0.0,0
3.0876262,0.03607,436.69623122,828.3,4071.0,0.6428,0.655,-0.99183,13.05846252,78.37,0.0,0.0,0.0,0.0,0
6.134985,0.07071,688.41632956,1494.0,5683.0,2.102,1.251,0.61805,12.73340208,755.3,0.0,0.0,0.0,0.0,0
6.1349847,0.08635,725.28442477,1360.0,5872.0,1.993,1.353,0.6458,12.06086323,593.4,0.0,0.0,0.0,0.0,0
11.57797,0.0964,4.72,905.0,5664.0,1.058,0.87,0.0162,1.664,111.6,0.0,0.3360000000000001,0.0,0.10080000000000001,0
11.57779,0.0969,4.62,911.0,5850.0,1.012,0.906,0.03383,1.482,114.0,0.0,0.518,0.0,0.1554,0
27.59221,0.1721,11.24,677.0,5664.0,1.058,0.87,0.0162,2.916,35.1,0.0,0.0,0.0,0.0,0
27.5909,0.1729,11.29,682.0,5850.0,1.012,0.906,0.03383,2.608,36.0,0.0,0.0,0.0,0.0,0
107.245,0.425,8.82,431.0,5664.0,1.058,0.87,0.0162,2.562,5.74,0.5034722222222222,0.0,0.0,0.2013888888888889,0
11.53533,0.1097,131.89945,1228.3,5521.0,2.336,1.324,0.65992,11.500434,356.0,0.0,0.0,0.0,0.0,0
21.2164294,0.1632,1036.12060682,888.0,6046.0,1.517,1.285,0.44091,12.26262489,68.8,0.0,0.0,0.0,0.0,0
17.471278,0.1334,19.7,769.0,5788.0,0.985,1.031,0.012,3.55,58.1,0.0,0.0,0.0,0.0,0
2.218577,0.03106,370.58978,1209.0,5050.0,0.765,0.812,-0.46547,12.542871,356.0,0.0,0.0,0.0,0.0,0
8.8803256,0.0804,10.0,880.0,5348.0,0.94,0.81,-0.18709,3.41,100.0,0.0,0.0,0.0,0.0,0
28.579743,0.1752,8.0,600.0,5348.0,0.94,0.81,-0.18709,3.195,21.0,0.0,0.0,0.0,0.0,0
38.353037,0.2132,2.8,540.0,5348.0,0.94,0.81,-0.18709,2.995,14.3,0.125,0.0,0.0,0.05,0
3.308958,0.05208,323.23311,2132.0,6272.0,2.591,1.72,0.97128,17.317905,3440.0,0.0,0.0,0.0,0.0,0
0.926118,0.018,7.42,2141.0,5596.0,1.13,0.9,0.04922,1.72,3474.0,0.0,0.28,0.0,0.084,0
16.202159,0.1163,14.4,632.2,5070.0,0.779,0.8,-0.4437,2.501,26.5,0.0,0.0,0.0,0.0,0
3.092926,0.03876,4.74,1015.0,4699.0,0.778,0.81,-0.57741,1.602,176.2,0.0,0.3979999999999999,0.0,0.11939999999999996,0
6.76458,0.0653,4.36,782.0,4699.0,0.778,0.81,-0.57741,1.511,62.1,0.0,0.4890000000000001,0.0,0.14670000000000002,0
46.859,0.237,16.17,410.5,4699.0,0.778,0.81,-0.57741,1.61,4.72,0.5746527777777778,0.3899999999999999,0.0,0.34686111111111106,0
22.717,0.1463,7.3,522.6,4699.0,0.778,0.81,-0.57741,1.31,12.38,0.18541666666666656,0.69,0.0,0.2811666666666666,0
17.667087,0.1162,8.32,543.0,4684.0,0.71,0.67,-0.62525,2.0,16.0,0.11458333333333337,0.0,0.0,0.04583333333333335,0
29.79749,0.1646,3.41,467.0,4684.0,0.71,0.67,-0.62525,1.87,7.96,0.3784722222222222,0.1299999999999999,0.0,0.19038888888888889,0
3.97664,0.04298,0.55,909.0,4684.0,0.71,0.67,-0.62525,0.75,117.0,0.0,0.75,0.0,0.22499999999999998,0
7.90754,0.068,0.72,723.0,4684.0,0.71,0.67,-0.62525,0.818,46.7,0.0,0.818,0.0,0.24539999999999998,0
12.1621839,0.0906,0.77,630.0,4684.0,0.71,0.67,-0.62525,1.137,26.3,0.0,0.863,0.0,0.25889999999999996,0
2.76953,0.02933,2.14,709.0,3803.0,0.439,0.439,-1.43997,1.24,42.2,0.0,0.76,0.0,0.22799999999999998,0
5.70588,0.04749,3.09,557.0,3803.0,0.439,0.439,-1.43997,1.533,16.1,0.06597222222222221,0.4670000000000001,0.0,0.1664888888888889,0
18.71204,0.1436,77.55052,876.0,6089.0,1.277,1.127,0.30535,9.718203,98.09,0.0,0.0,0.0,0.0,0
13.63083,0.107,9.6,777.0,5289.0,0.98,0.89,-0.1549,3.48,61.0,0.0,0.0,0.0,0.0,0
14.339156,0.1202,7.8,943.0,6203.0,1.194,1.126,0.28035,2.45,132.0,0.0,0.0,0.0,0.0,0
6.3980661,0.05995,15.9,742.7,4582.0,0.677,0.702,-0.74425,2.84,46.2,0.0,0.0,0.0,0.0,0
18.8805,0.1233,22.5,517.8,4582.0,0.677,0.702,-0.74425,2.73,11.76,0.2020833333333335,0.0,0.0,0.08083333333333341,0
1.0391353,0.02085,7.8,2042.0,5987.0,1.043,1.109,0.0983,1.35,2898.0,0.0,0.6499999999999999,0.0,0.19499999999999998,0
3.6451398,0.04813,19.2,1344.0,5987.0,1.043,1.109,0.0983,3.228,543.8,0.0,0.0,0.0,0.0,0
55.087,0.262,42.44,385.0,5212.0,0.87,0.83,-0.3098,3.89,7.42,0.6631944444444444,0.0,0.0,0.2652777777777778,0
9.1004157,0.0792,9.7,753.2,5048.0,0.758,0.8,-0.47314,2.469,51.2858,0.0,0.0,0.0,0.0,0
3.53796,0.0436,4.5,1217.0,5289.0,0.98,0.89,-0.1549,1.58,373.0,0.0,0.41999999999999993,0.0,0.12599999999999997,0
6.42975,0.0649,5.1,998.0,5289.0,0.98,0.89,-0.1549,1.37,167.0,0.0,0.6299999999999999,0.0,0.18899999999999997,0
0.9809734,0.01782,1021.18779,1411.0,4590.0,0.7242,0.781,-0.67799,22.75427,661.0,0.0,0.0,0.0,0.0,0
11.3909311,0.0943,638.83509807,701.0,4920.0,0.824,0.86,-0.44491,10.44677001,40.0,0.0,0.0,0.0,0.0,0
7.9752,0.0707,4.3,610.0,4500.0,0.677,0.742,-0.7765,1.014,33.5,0.0,0.986,0.0,0.2958,0
17.30713,0.1185,18.1,470.0,4500.0,0.677,0.742,-0.7765,3.0,11.91,0.3680555555555556,0.0,0.0,0.14722222222222223,0
25.575,0.1538,3.0,420.0,4500.0,0.677,0.742,-0.7765,1.565,7.07,0.5416666666666667,0.43500000000000005,0.0,0.34716666666666673,0
6.5693,0.0591,323.86877,1114.0,5654.0,0.987,1.005,-0.04915,12.273855,188.5,0.0,0.0,0.0,0.0,0
32.940045,0.1591,8.63,254.9,3457.0,0.4445,0.4951,-1.59688,2.61,1.005,0.8850694444444445,0.0,0.9950000000000001,0.6525277777777778,1
4.7369683,0.0526,20.0,969.0,5170.0,0.793,0.865,-0.40782,2.69,146.9,0.0,0.0,0.0,0.0,0
3.2253993,0.0382,6.9,913.0,4491.0,0.682,0.711,-0.73283,1.73,116.2,0.0,0.27,0.0,0.081,0
7.3744897,0.0662,12.4,694.0,4491.0,0.682,0.711,-0.73283,2.85,38.6,0.0,0.0,0.0,0.0,0
2.1748,0.028,8.0,1103.0,4503.0,0.72,0.7,-0.72125,1.75,248.0,0.0,0.25,0.0,0.075,0
2.18053539,0.03558,433.20011874,1828.0,6360.0,1.261,1.263,0.37107,16.19697711,1860.0,0.0,0.0,0.0,0.0,0
20.8851,0.154,21.0,767.0,5743.0,1.21,1.12,0.15836,5.68,60.0,0.0,0.0,0.0,0.0,0
42.3633,0.247,27.0,606.0,5743.0,1.21,1.12,0.15836,7.82,24.0,0.0,0.0,0.0,0.0,0
3.48456408,0.0287,24.5,494.0,3207.0,0.2932,0.2634,-2.08831,3.44,9.91,0.2847222222222222,0.0,0.0,0.11388888888888889,0
11.633478,0.1034,59.75174052,1046.0,5445.0,1.642,1.09,0.32838,9.52763359,180.0,0.0,0.0,0.0,0.0,0
11.633478,0.1087,67.69745069,1030.0,5503.0,1.641,1.266,0.34635,9.50521563,180.0,0.0,0.0,0.0,0.0,0
0.658524,0.01306,11.26782377,1515.0,4285.0,0.703,0.686,-0.82333,3.3,879.5,0.0,0.0,0.0,0.0,0
7.814,0.0679,0.29013072,664.5,4285.0,0.703,0.686,-0.82333,0.705,32.4,0.0,0.705,0.0,0.2115,0
14.697,0.1035,8.9,538.3,4285.0,0.703,0.686,-0.82333,2.93,13.95,0.13090277777777792,0.0,0.0,0.05236111111111117,0
19.482,0.1249,14.3,490.1,4285.0,0.703,0.686,-0.82333,2.73,9.581,0.2982638888888888,0.0,0.0,0.11930555555555551,0
10.0546535,0.0747,5.11,501.3,3844.0,0.546,0.549,-1.23136,2.078,10.5,0.2593749999999999,0.0,0.0,0.10374999999999997,0
24.646729,0.1357,2.68,371.8,3844.0,0.546,0.549,-1.23136,1.582,3.17,0.7090277777777778,0.4179999999999999,0.0,0.4090111111111111,0
44.55603,0.2014,2.2,305.2,3844.0,0.546,0.549,-1.23136,1.458,1.44,0.9402777777777778,0.542,0.56,0.7067111111111112,1
12.4551225,0.1016,82.6358,650.0,5282.0,0.822,0.901,-0.32514,8.675766,45.7,0.0,0.0,0.0,0.0,0
1.422614,0.0223,3.9,1224.0,4916.0,0.718,0.79,-0.57,1.43,529.0,0.0,0.5700000000000001,0.0,0.171,0
5.340888,0.054,7.8,788.0,4916.0,0.718,0.79,-0.57,3.2,90.0,0.0,0.0,0.0,0.0,0
4.01593,0.04994,7.3,1266.0,5731.0,1.06,1.03,0.03743,1.54,426.0,0.0,0.45999999999999996,0.0,0.13799999999999998,0
10.56103,0.09514,8.3,916.0,5731.0,1.06,1.03,0.03743,2.29,117.0,0.0,0.0,0.0,0.0,0
4.0179694,0.027,7.5,412.4,3173.0,0.1965,0.1635,-2.45469,1.015,4.82,0.5680555555555556,0.9850000000000001,0.0,0.5227222222222223,1
20.35847252,0.1208,196.0,377.0,3711.0,0.541,0.562,-1.27654,10.55,3.3,0.6909722222222222,0.0,0.0,0.2763888888888889,0
4.1662739,0.0525,215.80657,1377.0,5948.0,1.209,1.112,0.21748,15.681391,600.0,0.0,0.0,0.0,0.0,0
4.736529,0.06229,61.97685,1712.0,5370.0,2.72,1.438,0.74429,15.35633,1433.0,0.0,0.0,0.0,0.0,0
5.031623,0.06708,301.9385,1800.0,6279.0,2.37,1.591,0.89209,19.95202,1749.0,0.0,0.0,0.0,0.0,0
2.8717518,0.0455,375.0394,2085.0,6670.0,1.908,1.524,0.81291,17.59813,3152.0,0.0,0.0,0.0,0.0,0
4.6117093,0.0637,1293.5681,1935.0,7500.0,1.83,1.62,0.97772,21.40919,2340.0,0.0,0.0,0.0,0.0,0
3.4741085,0.0542,1074.90106,2262.0,8720.0,1.565,1.76,1.1038,19.514869,4362.5,0.0,0.0,0.0,0.0,0
3.6127647,0.05224,1242.7153,2051.0,7598.0,1.638,1.458,0.90472,17.777474,2950.0,0.0,0.0,0.0,0.0,0
2.255251,0.03302,298.12454,1561.0,5899.0,0.996,0.944,0.03383,14.829507,991.183,0.0,0.0,0.0,0.0,0
5.5514926,0.06969,1646.3594,1459.0,6509.0,1.506,1.46,0.56467,14.257848,750.9,0.0,0.0,0.0,0.0,0
5.55149296,0.0665,1458.83238813,1391.0,6426.0,1.338,1.268,0.43933,12.71098411,624.0,0.0,0.0,0.0,0.0,0
2.9895932,0.04317,286.68266,1823.0,6206.0,1.603,1.201,0.53529,19.044091,1840.0,0.0,0.0,0.0,0.0,0
1.4811235,0.03462,915.3504,4050.0,10170.0,2.362,2.52,1.72428,21.196219,44900.0,0.0,0.0,0.0,0.0,0
67.1277,0.363,346.43296363,659.0,6160.0,1.667,1.407,0.62325,12.03844527,45.0,0.0,0.0,0.0,0.0,0
224.77833,0.751,222.4798849,352.2,5914.0,1.145,1.118,0.15836,7.0840758,2.48,0.7770833333333333,0.0,0.0,0.31083333333333335,0
10.3134,0.0753,0.07,452.0,3841.0,0.535,0.535,-1.25181,0.64,9.9,0.4305555555555556,0.64,0.0,0.3642222222222222,0
13.7815,0.0913,2.3,410.0,3841.0,0.535,0.535,-1.25181,1.51,6.8,0.5763888888888888,0.49,0.0,0.37755555555555553,0
23.0923,0.1288,2.1,345.0,3841.0,0.535,0.535,-1.25181,1.51,3.4,0.8020833333333334,0.49,0.0,0.4678333333333333,0
217.83184,0.753,1678.1424,387.9,6145.0,1.289,1.196,0.32838,12.419572,3.23,0.6531250000000001,0.0,0.0,0.26125000000000004,0
1047.8356,2.026,158.915,206.0,5597.0,1.179,1.011,0.08991,9.180171,0.3,0.7152777777777778,0.0,0.30000000000000004,0.3761111111111112,0
988.88112,2.027,1322.16617312,253.8,5746.0,1.697,1.132,0.45179,11.94877343,0.342,0.8812500000000001,0.0,0.3420000000000001,0.45510000000000006,0
30.1556,0.202,56.0,586.0,4965.0,2.861,1.227,0.64933,3.955,110.0,0.0,0.0,0.0,0.0,0
51.111,0.287,34.9,492.0,4965.0,2.861,1.227,0.64933,3.268,54.3,0.29166666666666663,0.0,0.0,0.11666666666666665,0
7.4175,0.083,1100.0,930.0,5038.0,2.879,1.27,0.66276,2.5,690.0,0.0,0.0,0.0,0.0,0
20.501,0.164,450.0,662.0,5038.0,2.879,1.27,0.66276,2.88,179.0,0.0,0.0,0.0,0.0,0
4.030467,0.04766,116.00736855,1089.0,5191.0,0.902,0.889,-0.27084,4.74139884,235.0,0.0,0.0,0.0,0.0,0
328.24017,0.898,2129.4503269,251.0,5191.0,0.902,0.889,-0.27084,11.57887706,0.589,0.8715277777777778,0.0,0.589,0.5253111111111112,1
394.62508,1.137,298.75870258,362.7,5950.0,1.822,1.259,0.57287,8.08167508,2.86,0.7406250000000001,0.0,0.0,0.29625000000000007,0
2.253114,0.0223,0.46,620.0,3415.0,0.3155,0.2923,-1.91364,0.837,24.5,0.0,0.837,0.0,0.2511,0
2.2531136,0.02191,0.4,627.0,3415.0,0.303,0.273,-1.94769,0.85,24.7,0.0,0.85,0.0,0.255,0
3.6906764,0.0309,2.0,526.0,3415.0,0.3155,0.2923,-1.91364,1.329,12.7,0.17361111111111116,0.671,0.0,0.27074444444444445,0
3.6906777,0.0304,2.22,553.0,3415.0,0.303,0.273,-1.94769,1.385,12.8,0.07986111111111116,0.615,0.0,0.21644444444444447,0
7.4507245,0.0486,1.94,416.0,3415.0,0.303,0.273,-1.94769,1.521,5.01,0.5555555555555556,0.4790000000000001,0.0,0.36592222222222226,0
7.450729,0.0494,1.64,416.0,3415.0,0.3155,0.2923,-1.91364,1.627,4.97,0.5555555555555556,0.373,0.0,0.3341222222222222,0
24.73723,0.0946,5.6,226.0,3096.0,0.2159,0.1844,-2.42022,1.73,0.43,0.7847222222222222,0.27,0.42999999999999994,0.5238888888888888,1
24.736959,0.0936,6.98,235.0,3216.0,0.2139,0.179,-2.35556,1.727,0.503,0.8159722222222222,0.2729999999999999,0.503,0.5591888888888888,1
24.73712,0.0875,6.65,230.0,3131.0,0.186,0.146,-2.52564,1.43,0.46,0.7986111111111112,0.5700000000000001,0.45999999999999996,0.6284444444444445,1
3.777931,0.02675,1.81,438.0,3216.0,0.2139,0.179,-2.35556,1.282,6.16,0.47916666666666663,0.718,0.0,0.40706666666666663,0
3.77794,0.027,1.91,422.0,3096.0,0.2159,0.1844,-2.42022,1.272,5.3,0.5347222222222222,0.728,0.0,0.4322888888888889,0
4.9899093,0.02961,7.1,324.4,2960.0,0.182,0.139,-2.63827,2.438,2.637,0.8736111111111112,0.0,0.0,0.3494444444444445,0
2.753436,0.01992,0.9,395.5,2960.0,0.182,0.139,-2.63827,1.032,5.83,0.6267361111111112,0.968,0.0,0.5410944444444445,1
2.7299025,0.01875,13.2,396.0,2850.0,0.1556,0.118,-2.84134,1.32,4.09,0.625,0.6799999999999999,0.0,0.45399999999999996,0
8.457463,0.03984,25.3,272.0,2850.0,0.1556,0.118,-2.84134,1.367,0.906,0.9444444444444444,0.633,0.906,0.8394777777777778,1
0.76837931,0.01195,2.46,903.0,3358.0,0.38,0.381,-1.78252,1.325,111.0,0.0,0.675,0.0,0.2025,0
0.768377,0.01203,2.34,1000.0,3360.0,0.382,0.379,-1.77728,1.35,116.0,0.0,0.6499999999999999,0.0,0.19499999999999998,0
12.252284,0.0757,8.04,359.0,3358.0,0.38,0.381,-1.78252,2.39,2.76,0.7534722222222222,0.0,0.0,0.30138888888888893,0
12.252131,0.0762,6.29,397.0,3360.0,0.382,0.379,-1.77728,2.42,2.88,0.6215277777777778,0.0,0.0,0.24861111111111112,0
4.119027,0.0549,1538.2972,1605.0,5819.0,1.788,1.3,0.5172,12.800678,1096.0,0.0,0.0,0.0,0.0,0
4.5199279,0.049,92.80589484,1331.0,5550.0,1.16,0.96,0.10106,14.88552637,523.0,0.0,0.0,0.0,0.0,0
3.3704181,0.0446,188.47224535,1783.0,5700.0,1.77,1.07,0.51375,15.64773706,1680.0,0.0,0.0,0.0,0.0,0
2.827972,0.048,1153.71711741,1991.0,7437.0,1.47,1.6,0.77159,18.38272835,2620.0,0.0,0.0,0.0,0.0,0
282.52542,0.833,87.08498352,295.1,5734.0,0.949,0.966,-0.05849,9.33708092,1.2,0.9753472222222221,0.0,0.8,0.6301388888888888,1
2.5079204,0.03783,1369.8473,1681.0,6007.0,1.272,1.145,0.27875,12.285064,1330.0,0.0,0.0,0.0,0.0,0
1.8053564,0.02803,1938.763,1385.0,5215.0,0.849,0.896,-0.31785,12.722215,614.0,0.0,0.0,0.0,0.0,0
2.8792319,0.04127,1373.0256,1415.0,5747.0,1.076,1.128,0.05614,12.408363,669.0,0.0,0.0,0.0,0.0,0
5.0066338,0.0464,4.57,682.0,4041.0,0.569,0.577,-1.10891,1.84,36.2,0.0,0.15999999999999992,0.0,0.04799999999999997,0
23.624,0.163,147.15455244,703.0,5844.0,1.016,1.035,0.03222,7.22979255,40.3,0.0,0.0,0.0,0.0,0
16.24921,0.1291,1379.37528638,805.5,5756.0,1.086,1.082,0.06744,12.18416202,2.28,0.0,0.0,0.0,0.0,0
6.443868,0.06152,13.5,784.0,4734.0,0.726,0.748,-0.62342,2.587,62.9,0.0,0.0,0.0,0.0,0
12.226574,0.09429,2.5,634.0,4734.0,0.726,0.748,-0.62342,2.651,26.8,0.0,0.0,0.0,0.0,0
4.0782387,0.0561,1064.72516345,1728.0,6311.0,1.81,1.35,0.67117,14.57167491,532.0,0.0,0.0,0.0,0.0,0
2.22816,0.033,8.9,1538.0,5635.0,1.05,0.97,-0.4437,2.46,928.0,0.0,0.0,0.0,0.0,0
2.4919863,0.0287,6.28,703.0,3476.0,0.508,0.512,-1.46852,2.415,40.6,0.0,0.0,0.0,0.0,0
24.245586,0.1288,15.4,329.6,3553.0,0.476,0.485,-1.48678,3.65,1.93,0.8555555555555555,0.0,0.07000000000000006,0.3632222222222222,0
3.444717,0.03826,5.9,775.0,3997.0,0.619,0.63,-1.05404,1.694,60.3,0.0,0.30600000000000005,0.0,0.0918,0
3.444729,0.03845,6.91,754.0,3872.0,0.63,0.64,-1.09691,1.738,53.6,0.0,0.262,0.0,0.0786,0
0.764597,0.0139,3.76,1133.0,4089.0,0.58,0.59,-1.08249,1.21,442.0,0.0,0.79,0.0,0.237,0
3.294736,0.037,8.32,695.0,4089.0,0.58,0.59,-1.08249,2.11,63.0,0.0,0.0,0.0,0.0,0
4.65382,0.05186,9.5,1037.0,5320.0,0.848,0.859,-0.28483,2.726,185.0,0.0,0.0,0.0,0.0,0
9.15059,0.0814,6.63,827.8,5320.0,0.848,0.859,-0.28483,2.759,77.59,0.0,0.0,0.0,0.0,0
19.98,0.137,13.6,638.1,5320.0,0.848,0.859,-0.28483,2.93,26.7,0.0,0.0,0.0,0.0,0
3.127463,0.0367,8.56,871.0,4227.0,0.672,0.679,-0.88941,2.41,95.58,0.0,0.0,0.0,0.0,0
3.12748,0.0366,8.6,860.0,4227.0,0.65,0.66,-0.85699,2.34,91.0,0.0,0.0,0.0,0.0,0
7.493134,0.0657,13.2,651.0,4227.0,0.672,0.679,-0.88941,2.76,29.81,0.0,0.0,0.0,0.0,0
7.49325,0.0656,11.8,643.0,4227.0,0.65,0.66,-0.85699,2.82,28.4,0.0,0.0,0.0,0.0,0
16.608164,0.1116,11.84,499.0,4227.0,0.672,0.679,-0.88941,3.12,10.32,0.26736111111111116,0.0,0.0,0.10694444444444447,0
10.894841,0.0728,4.23,425.0,3618.0,0.436,0.431,-1.5376,2.62,5.5,0.5243055555555556,0.0,0.0,0.20972222222222225,0
10.894879,0.0745,15.9,410.0,3573.0,0.4232,0.437,-1.58021,2.458,4.72,0.5763888888888888,0.0,0.0,0.23055555555555554,0
18.80152,0.1037,6.4,347.1,3573.0,0.4232,0.437,-1.58021,1.673,2.42,0.7947916666666666,0.32699999999999996,0.0,0.4160166666666666,0
18.801611,0.1047,2.88,354.0,3618.0,0.436,0.431,-1.5376,2.13,2.7,0.7708333333333334,0.0,0.0,0.30833333333333335,0
3.1968838,0.047,451.31633794,2360.0,6280.0,1.7,1.38,0.58659,15.69257298,1800.0,0.0,0.0,0.0,0.0,0
2.1097019,0.026,22.4,1395.0,5397.0,0.9,0.97,-0.22185,3.42,860.0,0.0,0.0,0.0,0.0,0
25.83839,0.1732,47.03860424,676.4,5793.0,1.015,1.038,0.01662,6.05284958,34.68,0.0,0.0,0.0,0.0,0
6.9561063,0.071,25.1,957.0,5510.0,0.923,0.987,-0.15181,11.89,139.0,0.0,0.0,0.0,0.0,0
2.650237,0.046,991.62462984,2370.0,7690.0,1.92,1.9,1.06819,16.70138124,5300.0,0.0,0.0,0.0,0.0,0
5.13967,0.0553,9.4,971.0,5230.0,0.82,0.876,-0.34679,3.04,145.0,0.0,0.0,0.0,0.0,0
9.428089,0.083,10.6,794.0,5230.0,0.82,0.876,-0.34679,2.75,65.0,0.0,0.0,0.0,0.0,0
8.112245,0.0567,19.5,426.0,3412.0,0.38,0.372,-1.75498,2.749,5.45,0.5208333333333333,0.0,0.0,0.20833333333333331,0
11.06201,0.061,4.82,326.0,3185.0,0.275,0.249,-2.1549,1.672,1.8,0.8680555555555556,0.32800000000000007,0.19999999999999996,0.5056222222222222,1
1.8805201,0.02107,3.04,683.5,3376.0,0.3714,0.3527,-1.7921,1.401,36.4,0.0,0.599,0.0,0.1797,0
15.532477,0.08608,4.1,338.1,3376.0,0.3714,0.3527,-1.7921,2.126,2.13,0.8260416666666666,0.0,0.0,0.33041666666666664,0
2.527093,0.0285,7.32,734.0,3709.0,0.469,0.471,-1.42481,2.18,46.3,0.0,0.0,0.0,0.0,0
18.08816,0.106,7.24,373.0,3709.0,0.469,0.471,-1.42481,2.47,3.35,0.7048611111111112,0.0,0.0,0.2819444444444445,0
2.0845435,0.03138,375.0394,1588.0,5404.0,1.167,0.948,0.01995,14.414774,1062.0,0.0,0.0,0.0,0.0,0
0.989343,0.01545,4.91,924.0,3550.0,0.45,0.502,-1.5391,1.79,121.0,0.0,0.20999999999999996,0.0,0.06299999999999999,0
0.66913924,0.01138,3.03,1062.0,3575.0,0.4555,0.454,-1.51542,1.468,236.0,0.0,0.532,0.0,0.1596,0
2.2554477,0.03524,251.40353,1715.0,5880.0,1.288,1.147,0.25261,12.172974,1443.0,0.0,0.0,0.0,0.0,0
3.1342791,0.033548,6.36,698.0,3690.0,0.515,0.513,-1.3536,1.9,39.0,0.0,0.10000000000000009,0.0,0.030000000000000027,0
2.50031,0.0235,56.6,533.0,3168.0,0.287,0.27,-2.12494,3.24,13.5,0.14930555555555558,0.0,0.0,0.05972222222222223,0
24.283382,0.164,18.4,730.0,5730.0,0.95,0.99,-0.04818,5.15,33.0,0.0,0.0,0.0,0.0,0
9.47725,0.0914,1722.6386,1198.0,5645.0,1.777,1.128,0.4609,10.816685,299.0,0.0,0.0,0.0,0.0,0
3.49151,0.0391,26.78,767.0,3980.0,0.6243,0.646,-1.05552,5.05,57.78,0.0,0.0,0.0,0.0,0
18.85019,0.1177,10.8,443.0,4065.0,0.597,0.606,-1.05715,3.14,6.39,0.4618055555555556,0.0,0.0,0.18472222222222223,0
3.208664,0.04882,222.4798849,1927.0,5991.0,2.168,1.507,0.7364,16.14093221,2300.0,0.0,0.0,0.0,0.0,0
6.293287,0.06,10.32,747.0,4687.0,0.715,0.756,-0.65365,2.99,58.0,0.0,0.0,0.0,0.0,0
12.885779,0.097,8.0,588.0,4687.0,0.715,0.756,-0.65365,4.29,22.0,0.0,0.0,0.0,0.0,0
4.532,0.0539,46.1687,895.1,4994.0,0.745,0.822,-0.52578,6.9559,102.43,0.0,0.0,0.0,0.0,0
0.94667944,0.01932,638.83509807,2097.0,5814.0,1.08,1.072,0.0799,13.97759893,3230.0,0.0,0.0,0.0,0.0,0
3.09833,0.04271,11.0,1488.0,5611.0,1.134,1.082,0.05956,2.7,628.0,0.0,0.0,0.0,0.0,0
9.127055,0.0878,81.7,1038.0,5611.0,1.134,1.082,0.05956,8.14,149.0,0.0,0.0,0.0,0.0,0
141.834025,0.5516,408.7273314,400.2,5929.0,1.079,1.112,0.11361,11.81426566,4.09,0.6104166666666667,0.0,0.0,0.2441666666666667,0
3.348237,0.029322,9.2,530.9,3297.0,0.3273,0.3041,-1.49214,3.309,13.185,0.15659722222222228,0.0,0.0,0.06263888888888891,0
3.348968,0.0301,16.4,512.0,3194.0,0.333,0.342,-1.97881,3.39,11.47,0.2222222222222222,0.0,0.0,0.08888888888888889,0
5.71548654,0.066,254.2627256,1358.0,6490.0,1.241,1.174,0.39094,14.20177855,567.0,0.0,0.0,0.0,0.0,0
17.66484,0.101,4.1,347.0,3759.0,0.44,0.44,-1.45892,1.25,3.43,0.7951388888888888,0.75,0.0,0.5430555555555555,1
28.17232,0.137,7.4,297.0,3759.0,0.44,0.44,-1.45892,1.33,1.84,0.96875,0.6699999999999999,0.15999999999999992,0.6365,1
5.7998164,0.0377,6.8,384.0,3131.0,0.245,0.211,-2.28651,2.122,3.61,0.6666666666666667,0.0,0.0,0.2666666666666667,0
9.2292005,0.078,9.13,666.0,4580.0,0.709,0.744,-0.7167,2.69,32.0,0.0,0.0,0.0,0.0,0
95.5,0.371,41.89,306.0,4580.0,0.709,0.744,-0.7167,7.27,1.4,0.9375,0.0,0.6000000000000001,0.555,1
7.851925,0.0533,4.7,378.0,3373.0,0.344,0.3272,-1.86328,2.2,4.82,0.6875,0.0,0.0,0.275,0
7.85191,0.054,15.0,403.0,3366.0,0.335,0.34,-1.88606,2.09,4.4,0.6006944444444444,0.0,0.0,0.24027777777777778,0
7.851928,0.057,6.37,395.0,3342.0,0.34,0.34,-1.88606,2.19,4.0,0.6284722222222222,0.0,0.0,0.2513888888888889,0
8.2148282,0.0896,329.58805806,1364.0,6270.0,1.82,1.42,0.66558,12.50922246,577.0,0.0,0.0,0.0,0.0,0
260.79,0.828,875.61726129,348.0,5695.0,1.636,1.111,0.40552,11.32107051,2.71,0.7916666666666666,0.0,0.0,0.31666666666666665,0
2.1225735,0.03319,298.75870258,1763.0,5966.0,1.248,1.082,0.25018,19.83989584,1600.0,0.0,0.0,0.0,0.0,0
1.1947268,0.02234,26.0,1860.0,5634.0,1.043,1.032,-0.00436,3.51,2000.0,0.0,0.0,0.0,0.0,0
8.001968,0.0854,203.41018048,1259.0,6101.0,1.564,1.296,0.4843,11.1529358,406.0,0.0,0.0,0.0,0.0,0
3.5315902,0.05009,502.16888306,1688.0,6248.0,1.573,1.343,0.53275,14.36991326,1356.0,0.0,0.0,0.0,0.0,0
27.26955,0.1363,19.5,284.0,3491.0,0.464,0.454,-1.54212,1.74,1.54,0.9861111111111112,0.26,0.45999999999999996,0.6104444444444445,1
11.30717,0.0924,2.31,603.1,4664.0,0.662,0.703,-0.74232,0.994,22.04,0.0,0.994,0.0,0.29819999999999997,0
20.225528,0.1362,18.1,496.8,4664.0,0.662,0.703,-0.74232,1.874,10.15,0.2749999999999999,0.1259999999999999,0.0,0.14779999999999993,0
1.0528573,0.01705,3.49,1478.0,4687.0,0.729,0.727,-0.63639,1.504,791.0,0.0,0.496,0.0,0.1488,0
21.064302,0.1257,7.27,544.0,4687.0,0.729,0.727,-0.63639,2.451,14.57,0.11111111111111116,0.0,0.0,0.04444444444444447,0
3.3312029,0.0473,394.10722468,1689.0,6480.0,1.38,1.271,0.48144,16.11851425,1360.0,0.0,0.0,0.0,0.0,0
4.0197517,0.04871,71.51139158,1091.0,5306.0,0.886,0.954,-0.25181,8.60849718,237.0,0.0,0.0,0.0,0.0,0
1.2730991,0.02118,3.4,1311.0,5059.0,0.733,0.79,-0.47083,1.402,728.0,0.0,0.5980000000000001,0.0,0.17940000000000003,0
8.465651,0.0749,6.7,696.0,5059.0,0.733,0.79,-0.47083,2.18,58.3,0.0,0.0,0.0,0.0,0
4.6612061,0.059,235.19302118,1426.0,6033.0,1.417,1.26,0.37967,12.25141591,689.0,0.0,0.0,0.0,0.0,0
3.0766891,0.02267,15.6,449.0,3100.0,0.204,0.166,-2.46218,2.86,6.69,0.4409722222222222,0.0,0.0,0.1763888888888889,0
4.3474032,0.0543,105.83685953,1534.0,5607.0,1.75,1.131,0.436,10.36830715,923.6,0.0,0.0,0.0,0.0,0
7.397225,0.0559,2.68,458.0,3433.0,0.426,0.428,-1.64264,1.52,7.3,0.4097222222222222,0.48,0.0,0.3078888888888889,0
5.983944,0.0672,63.88350981,1352.0,5611.0,1.686,1.13,0.40483,10.92875618,558.0,0.0,0.0,0.0,0.0,0
18.38818,0.1528,43.86032017,1027.0,6095.0,1.867,1.407,0.63649,7.16253867,186.0,0.0,0.0,0.0,0.0,0
2.9887615,0.04145,260.61929374,1431.0,5771.0,1.095,1.063,0.07882,13.64132951,699.0,0.0,0.0,0.0,0.0,0
3.39775,0.048,200.23189641,2410.0,6120.0,1.81,1.33,0.61595,17.37392009,1730.0,0.0,0.0,0.0,0.0,0
4.5207265,0.0571,79.45710175,1456.0,5936.0,1.477,1.215,0.38828,14.4595851,750.9,0.0,0.0,0.0,0.0,0
5.45664,0.0635,69.28659273,1445.0,5760.0,1.726,1.15,0.47129,12.07207221,728.0,0.0,0.0,0.0,0.0,0
4.880974,0.0607,122.6817651,1387.0,6100.0,1.336,1.16,0.34044,18.10250383,602.0,0.0,0.0,0.0,0.0,0
4.8084983,0.0569,139.84449908,1205.0,5764.0,1.069,1.063,0.05538,17.26183028,352.0,0.0,0.0,0.0,0.0,0
1.96229325,0.03185,309.88269682,1893.0,6280.0,1.245,1.118,0.33646,18.11371281,2150.0,0.0,0.0,0.0,0.0,0
4.039709,0.0493,225.65816897,1376.0,5721.0,1.229,0.977,0.16435,15.27784069,598.0,0.0,0.0,0.0,0.0,0
17.61745,0.123,6.54,661.0,5213.0,0.85,0.8,-0.33724,2.34,30.4,0.0,0.0,0.0,0.0,0
3.5514058,0.0475,117.59651059,1471.0,5910.0,1.265,1.135,0.24551,12.84549188,781.8,0.0,0.0,0.0,0.0,0
6.2996431,0.0654,54.03082919,929.0,5271.0,0.873,0.939,-0.27654,9.6397234,124.2,0.0,0.0,0.0,0.0,0
1.60200105,0.02871,444.9597698,1978.0,6240.0,1.241,1.229,0.32222,18.6405349,2560.0,0.0,0.0,0.0,0.0,0
1.8237146,0.0261,368.68095212,1186.0,4738.0,0.7,0.71,-0.58503,12.32987877,382.0,0.0,0.0,0.0,0.0,0
2.3505614,0.03386,533.95172376,1544.0,5691.0,1.073,0.936,0.03703,13.15934334,947.8,0.0,0.0,0.0,0.0,0
3.2783662,0.04489,96.61983573,1622.0,5906.0,1.458,1.122,0.36773,9.292245,1156.0,0.0,0.0,0.0,0.0,0
3.122832,0.0384,953.485221,1001.0,4672.0,0.76,0.77,-0.73755,12.55405838,124.0,0.0,0.0,0.0,0.0,0
3.007812,0.0434,1058.36859531,1726.0,6000.0,1.545,1.21,0.4456,13.75341932,1484.0,0.0,0.0,0.0,0.0,0
3.9014971,0.0505,197.05361234,1596.0,5760.0,1.668,1.12,0.44404,16.43236571,1084.0,0.0,0.0,0.0,0.0,0
3.7065585,0.04756,327.36325921,1292.0,5890.0,0.985,1.044,0.02119,13.65253849,464.0,0.0,0.0,0.0,0.0,0
3.971281,0.0505,378.21580433,1539.0,6190.0,1.346,1.088,0.3784,13.7646283,933.0,0.0,0.0,0.0,0.0,0
0.8831331,0.01714,30.3,1722.0,5068.0,0.849,0.861,-0.36653,3.82,1466.0,0.0,0.0,0.0,0.0,0
2.0180231,0.03144,721.47048389,1488.0,5609.0,0.952,1.016,-0.09313,12.97999965,818.5,0.0,0.0,0.0,0.0,0
5.8768918,0.0675,530.77343969,1264.0,5706.0,1.419,1.186,0.28556,12.22899794,425.0,0.0,0.0,0.0,0.0,0
3.6515568,0.0515,397.28550875,1693.0,6370.0,1.56,1.363,0.55871,13.7646283,1370.0,0.0,0.0,0.0,0.0,0
3.8795105,0.0502,193.87532827,1451.0,6020.0,1.256,1.121,0.26951,14.67255574,740.0,0.0,0.0,0.0,0.0,0
2.21778105,0.03138,99.16246298,1190.0,4930.0,0.788,0.837,-0.4828,10.5700688,334.0,0.0,0.0,0.0,0.0,0
2.30458952,0.03559,435.42491759,1984.0,6450.0,1.448,1.131,0.51455,15.9727975,2590.0,0.0,0.0,0.0,0.0,0
3.119999,0.04289,375.03752026,1498.0,5810.0,1.228,1.081,0.19005,23.53885947,841.3,0.0,0.0,0.0,0.0,0
3.8212867,0.0481,565.73456446,1170.0,5550.0,0.918,1.015,-0.14146,11.02963701,308.0,0.0,0.0,0.0,0.0,0
3.9365578,0.04194,77.2323029,711.0,3865.0,0.6103,0.635,-1.12494,8.29464572,43.0,0.0,0.0,0.0,0.0,0
3.3462406,0.048,69.28659273,1657.0,5703.0,1.735,1.32,0.45788,12.80065596,1258.0,0.0,0.0,0.0,0.0,0
3.246075,0.0456,311.47183886,1534.0,5950.0,1.302,1.199,0.2833,13.08088048,924.3,0.0,0.0,0.0,0.0,0
9.088516,0.0813,324.18497514,801.0,5321.0,0.791,0.867,-0.3439,12.59889431,68.6,0.0,0.0,0.0,0.0,0
2.15484802,0.0263,218.98377242,764.0,3652.0,0.4958,0.522,-1.40671,11.14172682,57.0,0.0,0.0,0.0,0.0,0
3.438753,0.03845,85.3,759.0,3913.0,0.62,0.64,-1.06048,12.0,55.4,0.0,0.0,0.0,0.0,0
4.6747373,0.043,14.95,582.0,3576.0,0.5,0.52,-1.43533,5.14,19.1,0.0,0.0,0.0,0.0,0
2.8989727,0.0421,330.54154328,1646.0,5772.0,1.468,1.181,0.33244,18.49481816,1230.0,0.0,0.0,0.0,0.0,0
3.2443141,0.04611,352.78953177,1633.0,5859.0,1.538,1.242,0.39967,13.13692538,1186.0,0.0,0.0,0.0,0.0,0
2.04360352,0.0325,171.62733978,1544.0,5622.0,1.055,1.096,0.00087,13.59649359,949.0,0.0,0.0,0.0,0.0,0
4.123596,0.0529,99.7981198,1445.0,5731.0,1.445,1.16,0.3075,11.67975789,729.0,0.0,0.0,0.0,0.0,0
4.5445697,0.0354,16.5,463.0,3269.0,0.3043,0.2813,-2.03152,6.0,7.42,0.39236111111111116,0.0,0.0,0.15694444444444447,0
3.4936264,0.0463,129.03833324,1512.0,5725.0,1.392,1.088,0.27323,14.28024141,872.2,0.0,0.0,0.0,0.0,0
6.607662,0.0743,55.61997123,1295.0,5975.0,1.501,1.254,0.41296,12.27383387,469.0,0.0,0.0,0.0,0.0,0
3.6089254,0.0494,187.51876013,1621.0,5840.0,1.626,1.24,0.44248,14.4595851,1153.0,0.0,0.0,0.0,0.0,0
3.307441,0.0322,2.08,584.0,3392.0,0.41,0.408,-1.71444,1.32,19.0,0.0,0.6799999999999999,0.0,0.204,0
13.175682,0.0809,6.57,368.0,3392.0,0.41,0.408,-1.71444,2.08,3.0,0.7222222222222222,0.0,0.0,0.2888888888888889,0
3.1774835,0.04469,232.01473711,1458.0,6060.0,1.112,1.178,0.17609,13.04725353,753.9,0.0,0.0,0.0,0.0,0
56.39879,0.3081,731.0053361,605.1,6096.0,1.293,1.23,0.31639,12.28504285,22.3,0.0,0.0,0.0,0.0,0
3.8016122,0.05222,457.67290608,1570.0,6202.0,1.438,1.313,0.43933,13.57407563,1013.0,0.0,0.0,0.0,0.0,0
4.0664428,0.04823,136.66621501,1074.0,5281.0,0.859,0.905,-0.28735,13.30506009,223.0,0.0,0.0,0.0,0.0,0
3.5819134,0.03924,816.81900599,750.0,3926.0,0.616,0.626,-1.09205,12.66614819,53.0,0.0,0.0,0.0,0.0,0
3.5819194,0.04,788.21444936,725.0,3794.0,0.63,0.61,-1.11919,13.67495645,45.2,0.0,0.0,0.0,0.0,0
3.5819232,0.03944,825.0,739.0,3920.0,0.62,0.63,-1.09151,12.69,49.6,0.0,0.0,0.0,0.0,0
3.4913885,0.05018,165.27077164,1642.0,6370.0,1.434,1.382,0.48287,10.68215861,1210.0,0.0,0.0,0.0,0.0,0
7.44628,0.0534,5.4,435.0,3422.0,0.372,0.368,-1.76802,2.52,6.0,0.48958333333333337,0.0,0.0,0.19583333333333336,0
2.8807198,0.04036,252.35575516,1395.0,5640.0,1.062,1.056,0.01115,13.26022417,633.0,0.0,0.0,0.0,0.0,0
3.9540709,0.05448,397.28550875,1639.0,6206.0,1.634,1.378,0.55267,14.60530185,1203.0,0.0,0.0,0.0,0.0,0
7.24599,0.0888,4096.80816623,1677.0,6264.0,2.738,1.765,1.01703,11.67975789,1192.0,0.0,0.0,0.0,0.0,0
6.235633,0.074,61.65871096,1468.0,6070.0,1.857,1.391,0.62428,10.9175472,775.0,0.0,0.0,0.0,0.0,0
4.28088,0.0555,734.18362017,1472.0,6058.0,1.409,1.242,0.38021,12.44196858,783.2,0.0,0.0,0.0,0.0,0
3.5658116,0.0492,308.29355479,1673.0,6390.0,1.451,1.25,0.49969,14.35870428,1310.0,0.0,0.0,0.0,0.0,0
7.479182,0.0726,572.0911326,919.0,5380.0,0.912,0.912,-0.20135,12.34108775,115.0,0.0,0.0,0.0,0.0,0
21.491984,0.1515,88.99195396,717.6,5640.0,1.055,1.005,0.0086,8.54124329,40.0,0.0,0.0,0.0,0.0,0
3.8922295,0.0522,330.54154328,1585.0,6060.0,1.53,1.25,0.45788,13.34989601,1053.0,0.0,0.0,0.0,0.0,0
1.26523248,0.01648,166.85991368,754.0,3354.0,0.3578,0.372,-1.83565,11.87031056,54.0,0.0,0.0,0.0,0.0,0
1.630757,0.0199,343.0,737.0,3430.0,0.394,0.392,-1.7122,11.6,49.0,0.0,0.0,0.0,0.0,0
1.54285047,0.0195,5.3,794.0,3544.0,0.421,0.42,-1.5986,1.98,66.0,0.0,0.020000000000000018,0.0,0.006000000000000005,0
4.5661061,0.0557,81.99972901,1286.0,5723.0,1.209,1.105,0.15229,10.72699453,456.0,0.0,0.0,0.0,0.0,0
4.291452,0.0469,657.0,783.0,4230.0,0.708,0.739,-0.82391,9.86,62.0,0.0,0.0,0.0,0.0,0
2.262196,0.0295,190.6970442,1043.0,4610.0,0.65,0.67,-0.76195,9.86390302,198.0,0.0,0.0,0.0,0.0,0
2.3266508,0.0296,61.5,867.0,3927.0,0.612,0.639,-1.09528,5.82,94.1,0.0,0.0,0.0,0.0,0
5.4233207,0.0604,184.02264765,1350.0,5692.0,1.462,0.998,0.3075,16.6117094,554.0,0.0,0.0,0.0,0.0,0
4.9394392,0.0628,270.15414595,1566.0,5990.0,1.842,1.35,0.5955,15.07607904,1004.0,0.0,0.0,0.0,0.0,0
3.792622,0.04041,130.94530368,689.0,3747.0,0.588,0.612,-1.21254,10.60369574,38.0,0.0,0.0,0.0,0.0,0
3.792622,0.04,135.0,679.0,3770.0,0.563,0.59,-1.24413,9.7,35.0,0.0,0.0,0.0,0.0,0
3.62156552,0.04856,155.10026262,1488.0,6094.0,1.245,1.165,0.28488,14.70618268,817.0,0.0,0.0,0.0,0.0,0
75.12375,0.332,419.53349724,441.0,5700.0,1.058,0.89,1.057,11.30986153,9.6,0.46875,0.0,0.0,0.1875,0
8.79758977,0.0712,112.0,528.0,3790.0,0.594,0.619,-1.15927,9.75,12.92,0.16666666666666663,0.0,0.0,0.06666666666666665,0
2.6085846,0.03935,285.72773789,1789.0,6237.0,1.393,1.194,0.4216,17.14974047,1712.0,0.0,0.0,0.0,0.0,0
0.4465688,0.0106,2.0,2310.0,5372.0,0.843,0.806,-0.27327,1.425,4745.0,0.0,0.575,0.0,0.1725,0
10.778831,0.0884,5.39,800.0,5372.0,0.843,0.806,-0.27327,2.91,68.2,0.0,0.0,0.0,0.0,0
25.7124,0.158,13.2,598.0,5372.0,0.843,0.806,-0.27327,2.82,21.4,0.0,0.0,0.0,0.0,0
77.03,0.328,12.6,415.0,5372.0,0.843,0.806,-0.27327,2.55,4.96,0.5590277777777778,0.0,0.0,0.22361111111111112,0
2.002849,0.0272,624.0,939.0,3996.0,0.646,0.666,-0.99268,10.78,137.0,0.0,0.0,0.0,0.0,0
2.2035373,0.0272,588.0,837.0,3896.0,0.54,0.556,-1.24489,10.42,77.0,0.0,0.0,0.0,0.0,0
1.651144,0.02734,464.98529,1714.0,5640.0,1.088,0.998,0.03262,11.43318,1423.0,0.0,0.0,0.0,0.0,0
2.94815527,0.03379,124.0,742.0,3713.0,0.57,0.6,-1.22841,10.3,50.3,0.0,0.0,0.0,0.0,0
1.4344555,0.018288,4.3,708.0,3325.0,0.383,0.383,-1.79183,1.09,41.7,0.0,0.9099999999999999,0.0,0.27299999999999996,0
0.8574347,0.010777,4.0,707.0,3075.0,0.242,0.23,-2.32873,1.03,41.5,0.0,0.97,0.0,0.291,0
4.023687,0.055,371.85923619,1890.0,6110.0,1.51,1.31,0.4609,13.67495645,940.0,0.0,0.0,0.0,0.0,0
2.576184,0.02949,254.0,714.0,3635.0,0.489,0.514,-1.4034,11.92,43.0,0.0,0.0,0.0,0.0,0
5.8267311,0.069,78.5,1439.0,6110.0,1.648,1.291,0.53275,6.41,716.0,0.0,0.0,0.0,0.0,0
26.04945,0.1651,28.9,605.6,5445.0,0.879,0.885,-0.21254,4.55,22.4,0.0,0.0,0.0,0.0,0
7.501428,0.0763,12.5,1360.0,6047.0,1.662,1.107,0.52244,2.64,570.0,0.0,0.0,0.0,0.0,0
12.563636,0.1079,9.3,1143.0,6047.0,1.662,1.107,0.52244,2.82,285.0,0.0,0.0,0.0,0.0,0
2.392679,0.036,333.71982735,1750.0,6110.0,1.51,1.31,0.4609,14.3474953,1150.0,0.0,0.0,0.0,0.0,0
4.6615983,0.0678,138.25535705,1666.0,6850.0,1.732,1.449,0.7679,18.97680433,1286.0,0.0,0.0,0.0,0.0,0
6.402513,0.0708,96.30200732,1388.0,6400.0,1.415,1.313,0.47407,9.2362001,602.0,0.0,0.0,0.0,0.0,0
9.485236,0.0761,2493.0,541.0,3977.0,0.609,0.644,-1.08672,11.59,14.28,0.12152777777777779,0.0,0.0,0.04861111111111112,0
6.8500246,0.05763,3179.0,495.0,3539.0,0.49,0.531,-1.43168,10.89,9.97,0.28125,0.0,0.0,0.1125,0
1.79058695,0.02292,331.0,745.0,3444.0,0.457,0.458,-1.48678,11.29,51.3,0.0,0.0,0.0,0.0,0
1.527561,0.01944,8.71,794.0,3521.0,0.43,0.419,-1.60906,2.378,65.0,0.0,0.0,0.0,0.0,0
5.056973,0.0633,61.0,1493.0,5940.0,1.721,1.323,0.52244,5.09,817.0,0.0,0.0,0.0,0.0,0
1.977143,0.025,23.6,635.0,3514.0,0.42,0.42,-1.61439,5.25,38.4,0.0,0.0,0.0,0.0,0
3.37077196,0.02604,53.39517238,417.9,3007.0,0.2276,0.207,-2.42597,9.5836785,5.54,0.5489583333333334,0.0,0.0,0.21958333333333338,0
2.65206166,0.02603,224.0,593.0,3363.0,0.351,0.344,-1.91542,13.2,20.6,0.0,0.0,0.0,0.0,0
4.884765,0.0618,5.72,1055.8,5585.0,0.949,0.956,-0.08619,1.992,207.1,0.0,0.008000000000000007,0.0,0.002400000000000002,0
1.2392495,0.018,9.83,934.0,3657.0,0.505,0.505,-1.38722,2.81,127.0,0.0,0.0,0.0,0.0,0
2.3260155,0.0208,2.47,543.0,3370.0,0.232,0.22,-2.20343,1.36,14.0,0.11458333333333337,0.6399999999999999,0.0,0.23783333333333334,0
8.24661,0.0652,4.0,514.0,3709.0,0.538,0.544,-1.3098,1.85,11.5,0.2152777777777778,0.1499999999999999,0.0,0.1311111111111111,0
15.6653,0.1,5.3,415.0,3709.0,0.538,0.544,-1.3098,2.02,4.9,0.5590277777777778,0.0,0.0,0.22361111111111112,0
8.0240015,0.0578,19.1,435.0,3370.0,0.413,0.397,-1.70246,2.734,5.91,0.48958333333333337,0.0,0.0,0.19583333333333336,0
1.392978,0.02177,18.467,1253.0,4600.0,0.695,0.71,-0.70997,2.926,412.0,0.0,0.0,0.0,0.0,0
8.3249113,0.0888,120.45696625,995.3,5995.0,1.052,1.142,0.1271,9.16894621,164.0,0.0,0.0,0.0,0.0,0
3.2797178,0.04435,349.6112477,1529.0,5842.0,1.308,1.081,0.25285,14.06727078,908.9,0.0,0.0,0.0,0.0,0
3.739494,0.04666,211.99261,1192.0,5570.0,0.918,0.968,-0.13668,13.125739,337.0,0.0,0.0,0.0,0.0,0
4.6780691,0.041,5.1,551.0,3572.0,0.419,0.418,-1.59007,1.93,15.0,0.08680555555555558,0.07000000000000006,0.0,0.05572222222222225,0
3.6849729,0.04963,55.30242,1526.0,5710.0,1.892,1.201,0.53529,9.550068,1393.0,0.0,0.0,0.0,0.0,0
1.51087081,0.01111,0.85,400.1,2559.0,0.117,0.0802,-3.28067,1.086,4.25,0.6107638888888889,0.9139999999999999,0.0,0.5185055555555556,1
2.4218233,0.01521,1.38,341.9,2559.0,0.117,0.0802,-3.28067,1.056,2.27,0.8128472222222223,0.944,0.0,0.6083388888888889,1
4.049219,0.0223,0.388,286.0,2566.0,0.1192,0.0898,-3.25727,0.804,1.119,0.9930555555555556,0.804,0.881,0.9027222222222222,1
4.04961,0.02144,0.41,288.0,2559.0,0.117,0.0802,-3.28067,0.772,1.143,1.0,0.772,0.857,0.8887,1
6.099615,0.02817,0.62,251.3,2559.0,0.117,0.0802,-3.28067,0.918,0.662,0.8725694444444445,0.918,0.662,0.8230277777777778,1
9.20669,0.0371,0.68,219.0,2559.0,0.117,0.0802,-3.28067,1.045,0.382,0.7604166666666666,0.9550000000000001,0.382,0.7052666666666667,1
12.35294,0.0451,1.34,198.6,2559.0,0.117,0.0802,-3.28067,1.127,0.258,0.6895833333333333,0.873,0.258,0.6151333333333333,1
7.1335164,0.0674,136.0305582,682.0,4686.0,0.758,0.789,-0.57512,10.09929161,58.5,0.0,0.0,0.0,0.0,0
1.01153624,0.01833,6.26,1329.0,4686.0,0.758,0.789,-0.57512,1.841,791.0,0.0,0.15900000000000003,0.0,0.047700000000000006,0
5.4060425,0.0673,791.3967,1557.0,6400.0,1.712,1.39,0.64738,12.811887,990.0,0.0,0.0,0.0,0.0,0
1.6096884,0.0266,594.3421,1638.0,5500.0,1.015,0.97,-0.07572,13.473218,1200.0,0.0,0.0,0.0,0.0,0
2.34478022,0.0337,508.528,1422.0,5600.0,0.938,0.93,-0.11351,12.285064,680.0,0.0,0.0,0.0,0.0,0
1.3866529,0.02508,1102.8701,1842.0,5767.0,1.099,1.092,0.08279,14.403565,1920.0,0.0,0.0,0.0,0.0,0
4.2337005,0.05503,104.88337431,1528.0,6399.0,1.347,1.24,0.43616,16.10730527,901.9,0.0,0.0,0.0,0.0,0
3.3448412,0.0545,448.1403,2402.0,8640.0,1.801,1.93,1.21484,21.74546,5550.0,0.0,0.0,0.0,0.0,0
0.94145223,0.02024,3241.8497514,2429.0,6432.0,1.319,1.294,0.42813,13.89913607,5805.0,0.0,0.0,0.0,0.0,0
0.78883852,0.01652,366.77398168,2113.0,5616.0,1.006,0.965,-0.04335,15.86070769,3320.0,0.0,0.0,0.0,0.0,0
6.2463345,0.0676,44.17814857,1254.0,6078.0,1.239,1.059,0.27416,16.40994774,413.0,0.0,0.0,0.0,0.0,0
6.2463475,0.0668,35.59678158,1250.0,6080.0,1.213,1.018,0.26007,14.78464554,402.0,0.0,0.0,0.0,0.0,0
2.152175,0.03144,295.89973,1311.0,5180.0,0.866,0.895,-0.31336,12.116929,492.0,0.0,0.0,0.0,0.0,0
2.423804,0.03453,276.5121,1337.0,5420.0,0.906,0.935,-0.19777,12.3299,533.0,0.0,0.0,0.0,0.0,0
3.126089,0.03963,306.38812,1153.0,5150.0,0.855,0.85,-0.33555,10.603714,294.0,0.0,0.0,0.0,0.0,0
1.80988158,0.03304,289.22385037,2231.0,6366.0,1.744,1.467,0.65418,20.68056939,4130.0,0.0,0.0,0.0,0.0,0
1.36002854,0.02335,529.81995447,1715.0,5617.0,0.91,0.903,-0.12901,13.78704626,1440.0,0.0,0.0,0.0,0.0,0
0.5734745,0.01,2.53,996.0,3542.0,0.406,0.405,-1.62986,1.24,233.9,0.0,0.76,0.0,0.22799999999999998,0
6.2679,0.06839,4.82,1169.8,6037.0,1.1,1.094,0.15957,2.042,309.0,0.0,0.0,0.0,0.0,0
